,TransactionAmount,AccountBalance,Cluster
0,14.089999999999975,5112.21,1
1,376.24,13758.91,0
2,126.28999999999999,1122.35,1
3,184.5,8569.06,0
4,13.449999999999989,7429.4,0
5,92.15,781.6800000000003,1
6,7.079999999999984,13316.71,0
7,171.42,2796.24,1
8,106.23000000000002,9095.14,0
9,815.96,1021.8799999999997,2
10,17.78000000000003,7599.52,0
11,190.02000000000004,1528.81,1
12,494.52,1620.02,1
13,781.76,189.6899999999996,2
14,166.99,299.9300000000003,1
15,465.45,3465.54,1
16,555.8,1131.2600000000002,1
17,492.93,5109.97,2
18,18.680000000000007,7948.37,0
19,71.47999999999999,6568.59,0
20,59.31999999999999,5750.89,0
21,85.76999999999998,9146.19,0
22,52.19999999999999,8974.93,0
23,345.84,1402.5,1
24,145.54,1930.96,1
25,7.490000000000009,3634.67,1
26,246.93,673.3500000000004,1
27,40.31999999999999,2686.52,1
28,127.44999999999999,1772.06,1
29,56.170000000000016,1351.69,1
30,28.310000000000002,8334.47,0
31,59.120000000000005,9823.64,0
32,396.45,9690.15,0
33,877.81,399.0,2
34,255.26,14815.87,0
35,124.75999999999999,5764.72,0
36,78.13,900.6099999999997,1
37,649.28,4875.86,2
38,795.31,7914.88,2
39,335.63,1019.3899999999999,1
40,328.47,4323.66,1
41,34.01999999999998,14214.48,0
42,241.42,13357.02,0
43,55.31999999999999,241.78999999999996,1
44,304.31,868.6099999999997,1
45,435.27,4673.28,1
46,164.49,1509.27,1
47,510.24,781.6999999999998,1
48,626.9,265.5100000000002,2
49,22.00999999999999,1335.0900000000001,1
50,425.34,3907.54,1
51,424.56,5183.85,1
52,85.43,14904.9,0
53,169.5,918.8800000000001,1
54,104.63,4477.78,1
55,316.95,1324.0299999999997,1
56,60.53999999999999,3534.93,1
57,292.56,4638.37,1
58,386.52,5630.61,0
59,112.07,930.3000000000002,1
60,568.52,5499.91,2
61,263.99,4175.02,1
62,349.64,6651.62,0
63,601.4,8458.29,0
64,5.769999999999982,13988.12,0
65,201.33,2585.07,1
66,298.42,3014.75,1
67,521.06,1951.42,1
68,117.28,3665.77,1
69,189.12,977.0100000000002,1
70,133.55,3846.28,1
71,143.21,6374.82,0
72,24.769999999999982,5866.01,0
73,233.92,6537.62,0
74,1212.51,605.9499999999998,2
75,232.12,6689.87,0
76,162.63,634.1700000000001,1
77,91.53,14676.05,0
78,120.29000000000002,1362.3900000000003,1
79,174.25,10528.34,0
80,183.71,552.5200000000004,1
81,345.39,6451.96,0
82,922.55,4715.84,2
83,259.91,7176.86,0
84,154.71,1523.7200000000003,1
85,1340.19,8654.28,2
86,24.560000000000002,9869.93,0
87,568.07,10556.81,0
88,9.610000000000014,12883.91,0
89,392.96,791.6499999999996,1
90,716.93,4064.02,2
91,223.85,2929.91,1
92,230.66,618.0500000000002,1
93,442.12,1375.8000000000002,1
94,644.17,1143.52,2
95,508.68,7708.41,0
96,858.6300000000001,1872.96,2
97,25.360000000000014,201.03999999999996,1
98,147.62,2115.8,1
99,115.01999999999998,7643.66,0
100,383.37,8901.93,0
101,98.54000000000002,9383.43,0
102,83.24000000000001,1181.31,1
103,196.16,9418.86,0
104,129.94,7954.92,0
105,306.9,9418.08,0
106,114.98000000000002,6144.68,0
107,756.59,420.64999999999964,2
108,503.76,447.8199999999997,1
109,143.03,7981.45,0
110,1045.22,1829.9,2
111,245.54,985.0599999999995,1
112,254.37,8849.26,0
113,213.76,3528.72,1
114,327.86,480.15999999999985,1
115,2.5,12145.27,0
116,300.08,13546.75,0
117,56.97999999999999,5688.37,0
118,407.65,8346.64,0
119,115.82999999999996,6481.04,0
120,53.56999999999999,1651.33,1
121,63.34,11174.94,0
122,317.87,145.5,1
123,331.65,4172.57,1
124,5.0400000000000205,5558.36,1
125,214.54,11151.53,0
126,598.81,1415.52,2
127,841.28,1103.6400000000008,2
128,38.14999999999998,303.6800000000003,1
129,1036.66,5541.57,2
130,124.72,6309.8,0
131,302.45,5133.61,1
132,208.04,9344.98,0
133,5.769999999999982,1117.9700000000003,1
134,381.33,11835.35,0
135,16.160000000000025,14401.17,0
136,486.08,1748.69,1
137,336.39,1000.46,1
138,997.4300000000001,6810.05,2
139,234.57,263.97999999999956,1
140,6.0,5442.76,1
141,1049.92,2037.85,2
142,227.14,341.9399999999996,1
143,233.74,1066.5900000000001,1
144,113.01999999999998,6077.96,0
145,45.849999999999994,1659.15,1
146,973.3900000000001,2042.2200000000003,2
147,514.95,421.9300000000003,1
148,415.5,10113.66,0
149,265.76,4446.17,1
150,69.4,6452.77,0
151,332.93,2788.2,1
152,267.9,596.1599999999999,1
153,496.03,12904.66,0
154,376.26,9062.4,0
155,83.01999999999998,9009.56,0
156,93.25999999999999,1152.1999999999998,1
157,803.37,12168.37,2
158,35.75999999999999,611.8599999999997,1
159,28.53000000000003,8670.53,0
160,139.53,10098.86,0
161,307.57,5307.74,1
162,60.650000000000006,1047.2799999999993,1
163,74.86000000000001,6921.48,0
164,117.97,1475.46,1
165,231.91,112.76000000000022,1
166,126.20999999999998,5669.66,0
167,506.28,1309.9499999999998,1
168,304.35,4057.1,1
169,281.85,1585.98,1
170,777.88,6825.55,2
171,119.18,5516.5,1
172,177.19,5343.3,1
173,260.88,903.0500000000002,1
174,169.47,1806.1599999999999,1
175,73.23000000000002,787.7399999999998,1
176,1362.55,2429.68,2
177,792.57,770.3699999999999,2
178,237.06,1182.7700000000004,1
179,34.170000000000016,726.5500000000002,1
180,740.25,14464.3,0
181,453.54,12046.3,0
182,300.47,7885.64,0
183,110.92999999999998,1952.35,1
184,201.69,7328.52,0
185,399.21,3210.39,1
186,1041.88,5726.2,2
187,630.36,1363.65,2
188,10.939999999999998,1241.9899999999998,1
189,215.9,7873.28,0
190,1422.55,5674.32,2
191,226.37,9840.04,0
192,444.89,10328.23,0
193,280.57,293.2399999999998,1
194,488.54,7486.63,0
195,3.3000000000000114,11385.37,0
196,199.39,7264.79,0
197,20.360000000000014,2762.48,1
198,113.63999999999999,6675.03,0
199,493.11,7432.99,0
200,307.41,1057.0000000000005,1
201,11.180000000000007,5956.89,0
202,313.82,7261.59,0
203,51.0,4943.16,1
204,140.98,8127.48,0
205,288.04,1748.02,1
206,800.55,9660.22,2
207,485.54,6371.51,0
208,521.15,9442.47,0
209,321.79,5959.2,0
210,304.93,13531.22,0
211,432.08,11500.62,0
212,694.2,1389.37,2
213,116.86000000000001,6706.56,0
214,386.81,7175.29,0
215,74.88,420.6700000000001,1
216,195.76,7323.53,0
217,134.7,8395.85,0
218,890.24,5140.93,2
219,361.27,7945.57,0
220,131.56,5873.54,0
221,485.51,3074.45,1
222,547.87,6155.76,2
223,457.29999999999995,8318.29,0
224,506.24,230.09000000000015,1
225,486.59,2513.56,1
226,163.68,10090.05,0
227,581.65,480.1899999999996,2
228,52.00999999999999,1120.88,1
229,630.24,370.8100000000004,2
230,523.74,13498.55,0
231,705.6,14804.7,0
232,217.5,3057.4,1
233,91.48000000000002,14942.78,0
234,5.25,14143.32,0
235,54.03,6736.3,0
236,736.73,3313.07,2
237,368.91,829.71,1
238,33.06,1540.87,1
239,66.5,6820.23,0
240,177.08,13475.14,0
241,588.54,714.4499999999998,2
242,173.5,1306.9099999999999,1
243,78.32999999999996,7255.33,0
244,40.660000000000025,1153.8400000000006,1
245,97.22,6647.73,0
246,34.06999999999999,8709.77,0
247,492.06,857.8999999999996,1
248,842.01,509.4499999999998,2
249,73.55000000000001,2812.06,1
250,760.53,6179.91,2
251,273.08,6609.3,0
252,371.69,3484.32,1
253,218.96,754.21,1
254,227.39,751.0900000000001,1
255,237.99,8510.09,0
256,186.6,1508.7200000000003,1
257,341.15,511.3699999999999,1
258,434.58,12648.32,0
259,312.88,233.21000000000004,1
260,75.15,1092.92,1
261,23.30000000000001,6711.15,0
262,47.379999999999995,459.3699999999999,1
263,512.81,6994.34,0
264,488.15,7071.09,0
265,12.819999999999993,9045.19,0
266,66.9,5238.71,1
267,535.91,9642.12,0
268,270.72,6263.96,0
269,97.98000000000002,7460.33,0
270,196.08,4233.82,1
271,251.18,8303.9,0
272,44.52000000000004,314.27999999999975,1
273,178.87,5241.23,1
274,1176.28,323.6899999999996,2
275,386.68,6863.06,0
276,167.14,3877.73,1
277,345.22,4046.58,1
278,74.85,2409.73,1
279,671.73,5211.88,2
280,255.04,6217.86,0
281,45.77000000000001,5978.12,0
282,329.69,1671.6599999999999,1
283,362.04,8421.88,0
284,11.920000000000016,14611.9,0
285,47.41999999999999,8253.52,0
286,35.99000000000001,4489.79,1
287,151.19,11903.82,0
288,242.62,483.02000000000044,1
289,48.72,816.0799999999999,1
290,43.46000000000001,578.0599999999995,1
291,1036.2099999999998,477.3000000000002,2
292,443.78999999999996,3133.8499999999995,1
293,365.14,5894.09,0
294,757.41,9532.42,2
295,20.54000000000002,5327.03,1
296,475.36,2000.6,1
297,34.74000000000001,6827.57,0
298,689.54,1633.7600000000002,2
299,211.18,4069.17,1
300,211.36,7943.47,0
301,744.41,8842.47,2
302,61.43000000000001,1882.77,1
303,167.44,12526.71,0
304,361.46,4737.84,1
305,378.85,2300.53,1
306,241.11,12385.05,0
307,131.93,4547.06,1
308,20.28000000000003,2047.83,1
309,415.88,10008.33,0
310,49.99000000000001,2299.64,1
311,1221.65,243.92000000000007,2
312,100.66,14473.33,0
313,485.54,1533.3199999999997,1
314,321.15,7005.05,0
315,711.3,955.3999999999996,2
316,12.230000000000018,7844.88,0
317,350.94,221.5600000000004,1
318,301.85,6586.19,0
319,29.339999999999975,3944.82,1
320,231.71,1127.98,1
321,179.43,2626.63,1
322,36.70999999999998,6459.38,0
323,138.12,1649.69,1
324,233.24,6939.23,0
325,609.14,9033.87,0
326,436.64,14365.18,0
327,870.4300000000001,10115.18,2
328,354.4,7358.65,0
329,22.629999999999995,4438.03,1
330,182.19,1176.1,1
331,126.81,5427.98,1
332,288.17,3653.11,1
333,118.76999999999995,2104.82,1
334,651.82,1802.77,2
335,66.65000000000003,3559.96,1
336,98.53,3564.8,1
337,138.94999999999996,6752.92,0
338,33.889999999999986,1444.75,1
339,23.70999999999998,10788.89,0
340,1830.0,2235.7,2
341,26.060000000000002,12893.63,0
342,17.069999999999993,2798.15,1
343,703.89,3583.67,2
344,1271.9,2120.8,2
345,26.55000000000001,3085.38,1
346,147.4,6797.71,0
347,202.11,746.4700000000003,1
348,308.42,5427.81,1
349,11.180000000000007,7467.3,0
350,294.15,6362.16,0
351,29.579999999999984,8345.26,0
352,139.45,1305.7600000000002,1
353,432.63,13648.36,0
354,131.43,1337.5,1
355,516.72,2015.69,1
356,121.82,8354.54,0
357,374.5,1671.5100000000002,1
358,166.13,11822.53,0
359,626.9,587.1099999999997,2
360,466.85,5422.53,0
361,788.84,1913.73,2
362,873.6500000000001,12139.83,2
363,525.28,4693.6,2
364,110.17000000000002,464.1999999999998,1
365,632.69,4363.74,2
366,124.35,3319.76,1
367,43.849999999999994,4356.98,1
368,283.81,1519.35,1
369,168.53,5962.58,0
370,218.59,6699.23,0
371,132.84,822.7299999999996,1
372,157.37,13964.31,0
373,144.77,867.3199999999997,1
374,643.22,1035.8599999999997,2
375,1392.54,13347.69,2
376,208.07,8478.9,0
377,94.30000000000001,11088.95,0
378,295.5,6280.66,0
379,30.230000000000018,481.1300000000001,1
380,112.05000000000001,1122.8799999999997,1
381,180.24,8431.23,0
382,13.70999999999998,8342.79,0
383,96.54000000000002,7182.22,0
384,79.35,1692.15,1
385,101.04000000000002,1695.5699999999997,1
386,74.42000000000002,6264.21,0
387,39.660000000000025,8497.34,0
388,99.35999999999999,1272.12,1
389,123.85,3959.62,1
390,426.93,476.1899999999996,1
391,133.73,1872.2200000000003,1
392,222.39,3117.39,1
393,215.94,1841.69,1
394,6.300000000000011,7697.68,0
395,826.23,7580.59,2
396,416.37,7936.91,0
397,131.46,6642.33,0
398,202.86,7642.25,0
399,268.39,136.73999999999978,1
400,194.85,319.84000000000015,1
401,137.35,12662.66,0
402,712.75,8126.06,2
403,353.82,705.75,1
404,507.25,5331.57,2
405,212.74,7645.47,0
406,364.42,8119.73,0
407,195.12,6101.15,0
408,230.61,2561.42,1
409,739.28,11905.64,0
410,390.35,7095.88,0
411,242.03,4382.73,1
412,242.39,1328.73,1
413,135.02999999999997,1278.0,1
414,83.5,1749.79,1
415,193.54,2929.51,1
416,617.36,8926.38,0
417,775.23,5977.59,2
418,266.57,7676.92,0
419,153.4,4657.7,1
420,946.94,5579.11,2
421,5.1200000000000045,3293.01,1
422,119.11000000000001,7998.25,0
423,1096.6999999999998,1093.8900000000003,2
424,119.72,3435.34,1
425,107.4,344.0699999999997,1
426,115.92000000000002,3897.17,1
427,438.04,5358.95,1
428,677.29,627.79,2
429,296.0,7418.82,0
430,299.09,5615.26,0
431,461.52,1995.1800000000003,1
432,100.51999999999998,453.3900000000003,1
433,85.35,2173.76,1
434,79.75999999999999,6452.14,0
435,778.49,7713.67,2
436,386.38,5528.36,0
437,165.25,9939.94,0
438,14.29000000000002,7016.99,0
439,232.79,2661.3,1
440,1237.5599999999997,9410.17,2
441,92.29000000000002,2026.3199999999997,1
442,293.97,7371.85,0
443,136.32,264.8299999999999,1
444,251.06,10001.66,0
445,50.170000000000016,7752.14,0
446,21.399999999999977,9594.11,0
447,73.28,1329.4099999999999,1
448,70.23000000000002,11624.93,0
449,689.29,168.84000000000015,2
450,745.03,160.5699999999997,2
451,54.610000000000014,7135.64,0
452,54.05000000000001,469.1400000000003,1
453,107.47,7517.5,0
454,611.11,919.8400000000001,2
455,219.63,8013.63,0
456,188.7,5077.06,1
457,93.51999999999998,2791.2,1
458,275.92,1777.38,1
459,376.79,7749.14,0
460,8.980000000000018,4516.76,1
461,697.32,2016.02,2
462,17.44999999999999,1959.52,1
463,302.16,3876.61,1
464,442.74,1790.27,1
465,623.9,711.4700000000003,2
466,445.41,12154.66,0
467,63.41,1546.2200000000003,1
468,346.85,7208.15,0
469,71.94999999999999,9267.32,0
470,7.5,6485.78,0
471,206.46,3984.38,1
472,423.11,412.77999999999975,1
473,35.839999999999975,4795.65,1
474,88.6,246.5699999999997,1
475,1431.3,1058.1300000000006,2
476,53.81,2564.62,1
477,22.45999999999998,6631.5,0
478,334.89,1661.6800000000003,1
479,319.27,5504.01,0
480,144.3,312.1899999999996,1
481,348.7,2445.58,1
482,366.21,10862.99,0
483,99.11000000000001,5414.87,1
484,539.35,3919.44,2
485,188.99,7315.34,0
486,1416.69,3740.73,2
487,710.14,465.6300000000001,2
488,308.68,9992.36,0
489,166.68,5141.19,1
490,0.9900000000000091,4317.85,1
491,505.19,5326.68,2
492,66.57999999999998,1636.3199999999997,1
493,223.43,7932.41,0
494,659.95,3927.69,2
495,634.86,588.5,2
496,286.5,8517.95,0
497,322.96,2401.59,1
498,654.48,6776.41,2
499,157.97,5529.92,1
500,120.9,9009.42,0
501,254.77,5994.87,0
502,795.96,5468.58,2
503,149.25,5677.52,0
504,3.420000000000016,14180.21,0
505,68.19,9895.1,0
506,493.42,2232.84,1
507,37.56999999999999,7739.54,0
508,127.0,431.15999999999985,1
509,96.88999999999999,6044.93,0
510,448.33,922.1900000000005,1
511,1116.48,447.52999999999975,2
512,8.649999999999977,10778.35,0
513,65.57,7513.79,0
514,539.81,2051.25,1
515,363.53,1038.9099999999994,1
516,64.9,6854.61,0
517,358.18,619.8599999999997,1
518,167.2,11320.83,0
519,121.91,14510.8,0
520,137.57,5103.67,1
521,534.62,13793.53,0
522,463.9200000000001,2403.39,1
523,320.14,3075.97,1
524,214.93,7835.4,0
525,660.02,414.4300000000003,2
526,345.81,6116.8,0
527,143.54,6067.62,0
528,42.55000000000004,7341.43,0
529,1063.2499999999998,1240.71,2
530,541.79,1454.08,1
531,40.56999999999999,1476.9099999999999,1
532,120.24000000000001,1943.13,1
533,498.67,1719.9700000000003,1
534,227.22,832.8199999999997,1
535,1182.86,7696.16,2
536,56.94,7004.63,0
537,629.8199999999999,6385.69,2
538,59.44,5472.03,1
539,186.69,8602.22,0
540,230.46,162.52999999999975,1
541,65.09,9370.9,0
542,457.09,8570.82,0
543,552.02,522.0799999999999,1
544,377.12,836.6700000000001,1
545,204.56,364.72000000000025,1
546,420.28,8557.32,0
547,97.09,1579.5699999999997,1
548,124.59,129.28999999999996,1
549,73.88,6474.41,0
550,77.43,1380.21,1
551,106.15999999999997,7487.79,0
552,245.93,7986.63,0
553,622.41,7322.01,2
554,43.72999999999999,9929.43,0
555,1282.86,1830.98,2
556,2.0299999999999727,3012.31,1
557,770.65,7198.8,2
558,260.31,10980.38,0
559,356.1,868.3500000000004,1
560,27.069999999999993,3773.29,1
561,119.88999999999999,6697.77,0
562,106.38999999999999,9410.99,0
563,12.04000000000002,6213.32,0
564,365.7,368.77999999999975,1
565,29.379999999999995,1663.31,1
566,319.85,711.6599999999999,1
567,350.14,2403.25,1
568,163.94,5957.37,0
569,170.53,801.0100000000002,1
570,262.22,5711.71,0
571,41.49000000000001,928.3299999999999,1
572,121.43,7365.28,0
573,350.46,5839.38,0
574,220.40999999999997,5116.98,1
575,33.45999999999998,3641.07,1
576,104.79000000000002,1352.19,1
577,246.27,7299.86,0
578,48.849999999999994,1503.56,1
579,332.0,5943.13,0
580,118.1,895.6599999999999,1
581,84.59,5669.1,0
582,295.64,1061.96,1
583,514.33,1592.94,1
584,992.1700000000001,6215.96,2
585,94.58999999999997,6171.89,0
586,80.43,5987.67,0
587,54.25,14783.33,0
588,178.88,4708.29,1
589,518.85,1806.0,1
590,10.649999999999977,13240.719999999998,0
591,198.62,1196.0699999999997,1
592,107.03,1408.0699999999997,1
593,139.57,271.77999999999975,1
594,312.47,9419.27,0
595,346.11,9551.64,0
596,138.06,1070.4700000000007,1
597,158.02,9374.24,0
598,830.01,4253.18,2
599,435.5,6981.03,0
600,110.49000000000001,10483.93,0
601,329.4,9588.07,0
602,635.4,1238.1099999999997,2
603,769.97,1244.9300000000003,2
604,175.07,1040.25,1
605,7.310000000000002,5757.67,0
606,175.14999999999998,1712.65,1
607,32.54000000000002,1544.88,1
608,121.82,13293.829999999998,0
609,56.119999999999976,8839.67,0
610,424.7,6239.89,0
611,35.160000000000025,8459.18,0
612,35.73000000000002,9073.17,0
613,3.4399999999999977,7561.33,0
614,1342.25,694.0299999999997,2
615,139.03,2276.57,1
616,254.92,2791.12,1
617,115.11000000000001,9808.97,0
618,171.11,6324.09,0
619,168.54,13406.0,0
620,420.76,6581.55,0
621,408.46,3140.79,1
622,1162.42,10357.26,2
623,342.17,461.8299999999999,1
624,580.71,5670.0,2
625,821.54,4040.32,2
626,253.47,220.51000000000022,1
627,22.810000000000002,3634.76,1
628,266.57,7180.48,0
629,374.61,1389.71,1
630,339.35,5002.7,1
631,810.3600000000001,9239.12,2
632,9.829999999999984,666.4200000000001,1
633,135.57,11351.64,0
634,340.05,7234.15,0
635,283.45,2049.51,1
636,100.99000000000001,8865.27,0
637,90.88,3908.47,1
638,655.15,5587.44,2
639,320.55,438.75,1
640,41.50999999999999,609.6000000000004,1
641,71.52999999999997,2393.73,1
642,467.13,3914.84,1
643,235.4,818.3599999999997,1
644,159.32,304.4399999999996,1
645,50.829999999999984,9553.42,0
646,56.889999999999986,3034.67,1
647,20.21999999999997,5515.32,1
648,50.400000000000006,1677.0100000000002,1
649,73.88,4055.55,1
650,119.60999999999999,9899.94,0
651,1241.05,756.7399999999998,2
652,116.57999999999998,2620.74,1
653,1919.11,11090.24,2
654,391.96,2174.16,1
655,156.26,7854.1,0
656,427.0,8253.65,0
657,443.68,874.1499999999996,1
658,101.75999999999999,6043.25,0
659,67.57,2766.12,1
660,326.29,8171.26,0
661,158.56,5401.21,1
662,56.02000000000004,3548.02,1
663,288.28,160.82999999999993,1
664,245.67,752.25,1
665,152.18,2459.84,1
666,114.35,469.1199999999999,1
667,373.27,8441.61,0
668,504.63,3806.16,1
669,126.22,6133.41,0
670,820.1500000000001,8802.97,2
671,986.81,14881.77,2
672,8.370000000000005,1106.3400000000001,1
673,197.49,5005.33,1
674,637.97,7949.03,2
675,13.519999999999982,259.77000000000044,1
676,432.1,2114.3,1
677,375.17,5495.3,0
678,642.68,8461.46,2
679,78.44,6870.84,0
680,139.72,5058.83,1
681,499.99,8885.0,0
682,10.069999999999993,530.8099999999995,1
683,120.62,9379.53,0
684,578.49,6475.13,2
685,119.30000000000001,319.03999999999996,1
686,280.92,5298.85,1
687,42.420000000000016,490.5699999999997,1
688,77.03,11310.27,0
689,22.589999999999975,3988.75,1
690,568.76,7484.32,2
691,25.939999999999998,4815.11,1
692,105.94,5963.1,0
693,733.29,10427.0,2
694,350.15,296.47000000000025,1
695,1151.18,1100.0599999999995,2
696,183.67,910.2600000000002,1
697,278.27,6684.34,0
698,470.3,8524.09,0
699,261.69,5126.65,1
700,365.04,873.8900000000003,1
701,211.1,7059.77,0
702,21.49000000000001,11991.24,0
703,63.579999999999984,8086.04,0
704,321.86,12626.49,0
705,12.110000000000014,1730.2799999999997,1
706,642.54,3143.17,2
707,210.45,1242.4899999999998,1
708,313.65,1886.3599999999997,1
709,99.75999999999999,416.8900000000003,1
710,115.32,5929.08,0
711,33.610000000000014,479.0799999999999,1
712,498.59,5862.99,0
713,98.81,797.1000000000004,1
714,1.8700000000000045,7287.94,0
715,78.92000000000002,5624.86,0
716,194.29,2988.41,1
717,28.730000000000018,2712.96,1
718,105.53,1433.6599999999999,1
719,737.34,7336.56,2
720,237.86,475.6300000000001,1
721,409.61,11698.15,0
722,75.53,1034.35,1
723,72.75,12042.79,0
724,39.110000000000014,518.54,1
725,1309.79,1258.9300000000003,2
726,729.38,9127.65,2
727,137.49,4471.05,1
728,504.71,6214.54,0
729,371.47,1187.04,1
730,430.35,354.89999999999964,1
731,230.32,791.46,1
732,121.70999999999998,5878.89,0
733,98.87,533.1999999999998,1
734,117.55000000000001,897.9400000000005,1
735,244.64,9159.56,0
736,321.93,4392.73,1
737,1092.73,1390.98,2
738,283.23,2008.77,1
739,346.65,6356.96,0
740,381.62,6009.12,0
741,388.65,7896.85,0
742,29.21999999999997,1649.4300000000003,1
743,46.75,2840.43,1
744,348.64,3274.96,1
745,319.17,6501.56,0
746,73.94999999999999,363.9200000000001,1
747,389.63,9748.48,0
748,217.61,1404.5299999999997,1
749,199.84,706.4400000000005,1
750,56.349999999999994,5095.73,1
751,248.95,3059.79,1
752,142.58,7844.23,0
753,1020.73,1119.6099999999992,2
754,84.34,5313.97,1
755,1607.55,6227.99,2
756,333.78,6810.94,0
757,332.59,1457.0699999999997,1
758,236.81,813.6800000000003,1
759,417.8,1518.8199999999997,1
760,319.27,10269.78,0
761,384.1,672.79,1
762,820.6200000000001,6024.8,2
763,474.77,2158.59,1
764,542.72,6011.8,2
765,79.80000000000001,6372.58,0
766,46.24000000000001,2569.56,1
767,327.8,10585.48,0
768,445.79,717.9899999999998,1
769,55.889999999999986,3689.65,1
770,158.41,1512.1599999999999,1
771,101.19,14389.45,0
772,827.1400000000001,9800.21,2
773,61.97,7014.69,0
774,27.20999999999998,3520.61,1
775,173.74,4913.42,1
776,176.11,9155.35,0
777,88.4,2567.53,1
778,567.92,3779.47,2
779,138.11,4177.65,1
780,456.93,7284.76,0
781,101.42000000000002,6530.59,0
782,300.61,7895.54,0
783,265.94,6781.3,0
784,345.54,2091.78,1
785,411.52,11108.39,0
786,111.20999999999998,9088.36,0
787,316.37,4671.69,1
788,260.63,7534.73,0
789,92.36000000000001,6353.14,0
790,262.06,13587.52,0
791,64.5,1351.2399999999998,1
792,253.55,2797.26,1
793,408.28,1222.77,1
794,175.94,3728.04,1
795,199.47,6067.44,0
796,51.06999999999999,4292.16,1
797,435.86,3801.82,1
798,74.73000000000002,6353.22,0
799,182.79,1251.85,1
800,628.36,11869.71,0
801,268.39,9409.43,0
802,362.27,6003.59,0
803,560.15,817.8299999999999,1
804,351.99,3663.64,1
805,132.36,319.64999999999964,1
806,24.769999999999982,478.22999999999956,1
807,668.67,13446.81,0
808,80.24000000000001,8012.81,0
809,8.649999999999977,4201.22,1
810,178.91,8870.89,0
811,115.22,906.1999999999998,1
812,161.63,9286.37,0
813,542.75,2224.08,2
814,317.47,14639.28,0
815,280.99,9733.59,0
816,24.189999999999998,2756.2,1
817,586.85,6655.15,2
818,372.41,3233.87,1
819,63.170000000000016,1676.5699999999997,1
820,383.69,8371.11,0
821,247.17,2611.64,1
822,48.78,552.0599999999995,1
823,4.149999999999977,6017.36,0
824,60.99000000000001,7281.46,0
825,408.19,6847.47,0
826,524.6,13017.7,0
827,108.95999999999998,7597.66,0
828,70.03,7330.31,0
829,124.84,6711.78,0
830,324.04,2248.06,1
831,39.69,3524.68,1
832,157.7,8332.58,0
833,81.26999999999998,1814.48,1
834,193.82,3886.77,1
835,16.730000000000018,7591.13,0
836,474.05,1484.31,1
837,39.20999999999998,9385.57,0
838,637.75,4202.92,2
839,153.59,4813.12,1
840,186.6,9716.68,0
841,644.08,1980.62,2
842,226.66,10216.25,0
843,305.0,944.8299999999999,1
844,233.1,7469.2,0
845,793.13,13389.16,0
846,224.19,8475.47,0
847,214.83,991.6900000000005,1
848,163.46,6953.8,0
849,194.99,1370.0299999999997,1
850,23.399999999999977,14851.28,0
851,227.5,11505.35,0
852,259.9,914.2799999999997,1
853,59.50999999999999,9955.88,0
854,50.629999999999995,4732.81,1
855,1074.95,530.8599999999997,2
856,112.93999999999997,3807.84,1
857,11.810000000000002,320.25,1
858,329.14,12033.92,0
859,154.24,6109.55,0
860,233.44,1691.88,1
861,141.8,1697.67,1
862,209.03,8359.5,0
863,1137.63,1629.12,2
864,261.14,6100.08,0
865,101.81,13872.03,0
866,98.70999999999998,10095.23,0
867,87.38,1504.9899999999998,1
868,83.38999999999999,13182.11,0
869,267.55,4330.04,1
870,870.05,905.25,2
871,154.32,6972.5,0
872,164.51,3553.69,1
873,758.12,6164.65,2
874,103.75999999999999,9626.14,0
875,583.92,6364.14,2
876,204.06,4351.83,1
877,53.50999999999999,5773.5,0
878,1108.4599999999998,9257.04,2
879,52.94999999999999,6335.58,0
880,120.17000000000002,5403.79,1
881,220.8,8135.31,0
882,119.00999999999999,9798.26,0
883,183.32,137.42000000000007,1
884,858.8800000000001,7015.46,2
885,11.45999999999998,2356.71,1
886,61.370000000000005,4294.44,1
887,103.07999999999998,9251.38,0
888,1.2099999999999795,7542.74,0
889,425.18,9880.71,0
890,60.96000000000001,6189.24,0
891,64.20999999999998,12540.18,0
892,523.02,4586.11,2
893,50.25999999999999,1519.38,1
894,110.07999999999996,1447.2600000000002,1
895,54.47,1131.4199999999996,1
896,79.75999999999999,10278.75,0
897,16.79000000000002,535.1499999999996,1
898,1531.31,859.8599999999997,2
899,68.61999999999998,13891.47,0
900,157.16,1545.77,1
901,643.3800000000001,1046.7399999999993,2
902,328.34,2840.45,1
903,72.68,6216.77,0
904,354.76,10141.92,0
905,793.88,1404.06,2
906,29.21999999999997,7795.79,0
907,653.97,3886.65,2
908,366.43,1560.4499999999998,1
909,120.86000000000001,13566.58,0
910,233.74,4749.54,1
911,471.8399999999999,1044.33,1
912,213.4,2012.2399999999998,1
913,254.21,2487.2,1
914,577.73,14977.99,0
915,170.26,1969.48,1
916,337.73,7001.2,0
917,330.61,2525.25,1
918,132.33,7457.94,0
919,672.74,5386.52,2
920,74.04000000000002,1690.23,1
921,197.18,3114.92,1
922,21.149999999999977,3466.74,1
923,218.37,9942.24,0
924,590.01,9791.74,0
925,697.82,6824.0,2
926,302.76,8583.39,0
927,148.0,1488.65,1
928,22.25999999999999,5583.88,1
929,0.8600000000000136,1357.2200000000003,1
930,757.1,10553.23,2
931,38.81,1619.6,1
932,76.50999999999999,9475.4,0
933,32.45999999999998,8656.18,0
934,1022.75,207.73999999999978,2
935,20.639999999999986,949.3800000000001,1
936,662.11,1996.38,2
937,288.77,8836.51,0
938,35.05000000000001,14330.47,0
939,214.73,5368.42,1
940,25.379999999999995,8616.05,0
941,617.66,5906.58,2
942,446.39,7863.6,0
943,377.92,2254.71,1
944,11.04000000000002,6983.04,0
945,275.46,9697.75,0
946,179.76,5909.52,0
947,32.339999999999975,7847.62,0
948,273.92,4543.56,1
949,375.45,1307.23,1
950,388.98,1819.9099999999999,1
951,492.84,577.6700000000001,1
952,148.85,7802.36,0
953,119.94999999999999,2596.61,1
954,391.66,2406.31,1
955,185.99,402.4499999999998,1
956,322.48,1238.4300000000003,1
957,20.269999999999982,796.3500000000004,1
958,280.61,7888.76,0
959,199.02,4658.89,1
960,104.23000000000002,5009.29,1
961,353.59,1822.3400000000001,1
962,55.860000000000014,5346.46,1
963,10.769999999999982,10704.95,0
964,95.54999999999998,2434.74,1
965,477.07,6568.07,0
966,9.100000000000023,2791.45,1
967,21.410000000000025,658.9099999999999,1
968,278.28,1346.88,1
969,388.1,3022.12,1
970,215.39,1582.5500000000002,1
971,194.37,14395.88,0
972,37.69999999999999,1741.1,1
973,19.589999999999975,1061.69,1
974,81.35,7192.45,0
975,314.54,9923.45,0
976,466.64,10915.11,0
977,397.01,719.5200000000004,1
978,472.48,7128.82,0
979,67.15,9028.49,0
980,102.67000000000002,4656.94,1
981,460.09,6990.64,0
982,453.49,6366.43,0
983,267.17,1382.62,1
984,111.25999999999999,14350.11,0
985,121.17000000000002,12990.77,0
986,213.28,4835.91,1
987,187.88,2154.58,1
988,471.88,14833.34,0
989,83.79000000000002,5061.3,1
990,212.14,7225.06,0
991,99.16,2607.58,1
992,839.3300000000002,11538.97,2
993,29.910000000000025,2834.84,1
994,4.240000000000009,7822.73,0
995,50.28999999999999,7604.9,0
996,135.85,1480.3900000000003,1
997,368.53,13696.31,0
998,17.94999999999999,12344.9,0
999,127.80000000000001,8630.99,0
1000,16.730000000000018,2202.62,1
1001,317.12,14409.74,0
1002,476.63,4894.25,1
1003,156.58,8981.61,0
1004,55.12000000000003,3791.99,1
1005,15.740000000000009,690.1599999999999,1
1006,353.68,6777.12,0
1007,297.15,5449.37,1
1008,647.85,13779.97,0
1009,75.04000000000002,9648.6,0
1010,273.92,1029.1499999999996,1
1011,215.8,3656.62,1
1012,963.77,6710.51,2
1013,420.6,1778.75,1
1014,688.36,5191.13,2
1015,285.18,14847.97,0
1016,213.55,5238.37,1
1017,463.11,10238.82,0
1018,150.03,7491.42,0
1019,428.61,2116.36,1
1020,309.56,972.04,1
1021,377.08,6430.86,0
1022,77.25000000000003,14077.97,0
1023,146.92,3990.6,1
1024,126.6,961.6499999999996,1
1025,101.33999999999997,703.2600000000002,1
1026,184.97,1156.67,1
1027,451.15,1356.4700000000003,1
1028,516.47,1305.06,1
1029,880.04,261.97000000000025,2
1030,353.69,9500.79,0
1031,66.69000000000003,1210.3300000000004,1
1032,95.75,337.6199999999999,1
1033,43.91,1806.6800000000003,1
1034,98.03,6323.45,0
1035,617.66,7155.95,2
1036,888.5700000000002,7896.14,2
1037,107.48000000000002,591.2299999999996,1
1038,36.56999999999999,2583.07,1
1039,575.62,234.40999999999985,2
1040,84.88999999999999,4735.61,1
1041,832.3,6617.52,2
1042,180.65,816.0100000000002,1
1043,7.759999999999991,7393.11,0
1044,109.30000000000001,13510.11,0
1045,230.08,4466.1,1
1046,361.92,7474.31,0
1047,71.29000000000002,7225.63,0
1048,122.44999999999999,7255.49,0
1049,642.53,11417.91,0
1050,62.860000000000014,1040.4300000000003,1
1051,175.21,6039.04,0
1052,168.0,3498.58,1
1053,11.45999999999998,6628.75,0
1054,382.07,10156.09,0
1055,13.480000000000018,521.8800000000001,1
1056,65.32,9165.02,0
1057,83.07000000000002,6704.76,0
1058,730.1,6384.05,2
1059,85.31,6095.65,0
1060,726.61,1008.7600000000002,2
1061,130.4,4381.24,1
1062,68.1,1382.8000000000002,1
1063,65.25999999999999,7380.63,0
1064,191.62,1981.67,1
1065,212.88,7036.72,0
1066,88.38,3707.82,1
1067,48.77000000000001,2040.1599999999999,1
1068,289.1,267.52999999999975,1
1069,390.09,2617.23,1
1070,48.28999999999999,8883.4,0
1071,333.83,1660.6599999999999,1
1072,1074.29,2011.6,2
1073,100.26999999999998,4309.9,1
1074,44.53999999999999,362.39999999999964,1
1075,1156.18,836.6900000000005,2
1076,82.17000000000002,1913.06,1
1077,1045.45,563.46,2
1078,447.42,6133.22,0
1079,590.26,1068.2799999999993,2
1080,192.73,2037.75,1
1081,146.01,221.78999999999996,1
1082,136.05,1127.54,1
1083,11.569999999999993,2061.61,1
1084,102.34,9326.28,0
1085,7.819999999999993,2240.49,1
1086,79.43,6579.37,0
1087,386.97,1876.35,1
1088,51.22,1664.5900000000001,1
1089,256.05,6910.18,0
1090,7.7900000000000205,1319.85,1
1091,233.71,6095.5,0
1092,176.37,2420.86,1
1093,122.63,359.0600000000004,1
1094,86.41,3128.71,1
1095,21.569999999999993,7587.48,0
1096,82.67000000000002,290.59000000000015,1
1097,451.35,7707.96,0
1098,299.42,4735.41,1
1099,543.47,6165.03,2
1100,346.76,1637.75,1
1101,47.48000000000002,585.5200000000004,1
1102,64.92000000000002,5481.76,1
1103,350.72,1982.9,1
1104,3.8000000000000114,5766.96,0
1105,22.54000000000002,7139.11,0
1106,767.14,4732.57,2
1107,167.47,2293.13,1
1108,43.650000000000006,2870.67,1
1109,391.08,6885.16,0
1110,390.77,5500.56,0
1111,508.1600000000001,5609.44,2
1112,36.75999999999999,1228.9300000000003,1
1113,332.33,192.6300000000001,1
1114,362.09,6590.28,0
1115,42.579999999999984,13485.0,0
1116,122.35,6472.5,0
1117,248.66,2571.39,1
1118,461.25,676.1000000000004,1
1119,61.77000000000001,12352.2,0
1120,268.92,8765.38,0
1121,303.97,1590.88,1
1122,219.02,7375.73,0
1123,125.13999999999999,1845.1800000000003,1
1124,47.599999999999994,1382.5100000000002,1
1125,592.82,7508.98,2
1126,372.5,3901.82,1
1127,4.720000000000027,4792.01,1
1128,144.93,6887.52,0
1129,316.56,8643.51,0
1130,9.180000000000007,887.3199999999997,1
1131,421.25,7174.69,0
1132,185.71000000000004,2679.91,1
1133,1432.02,4315.07,2
1134,26.269999999999982,8853.93,0
1135,297.03,1088.6200000000003,1
1136,341.67,1442.29,1
1137,99.51999999999995,3798.09,1
1138,881.1000000000001,9951.68,2
1139,139.69,9567.94,0
1140,42.72,2669.66,1
1141,112.72,9630.0,0
1142,568.88,1307.8599999999997,2
1143,189.03,1916.46,1
1144,199.8,167.27999999999975,1
1145,189.07999999999998,10790.8,0
1146,958.9000000000001,9977.49,2
1147,409.59,14563.02,0
1148,349.34,614.1400000000003,1
1149,283.15,603.79,1
1150,151.82,2197.12,1
1151,438.59,8994.39,0
1152,590.57,3224.6,2
1153,63.74000000000004,4336.4,1
1154,77.01999999999998,800.8299999999999,1
1155,501.15,8821.84,0
1156,917.81,3173.17,2
1157,8.949999999999989,3299.84,1
1158,173.6,421.4399999999996,1
1159,149.40000000000003,1035.2200000000007,1
1160,388.21,9724.49,0
1161,484.3,7910.3,0
1162,126.04000000000002,6041.69,0
1163,52.03999999999999,8436.12,0
1164,389.7,7125.15,0
1165,161.1,239.1199999999999,1
1166,309.77,4378.14,1
1167,838.5700000000002,14576.47,0
1168,202.55,701.7299999999996,1
1169,724.18,10922.78,2
1170,124.98000000000002,642.0,1
1171,487.32,7707.96,0
1172,635.91,13267.09,0
1173,205.65,3582.16,1
1174,39.410000000000025,921.9099999999999,1
1175,254.0,5788.53,0
1176,436.8,4515.43,1
1177,224.73,7551.89,0
1178,752.69,14489.69,0
1179,78.5,13991.5,0
1180,50.0,185.8699999999999,1
1181,132.42,726.3900000000003,1
1182,11.670000000000016,7458.63,0
1183,83.16,3065.87,1
1184,149.02,9379.72,0
1185,74.26999999999998,13696.61,0
1186,876.5700000000002,3743.63,2
1187,615.58,14343.0,0
1188,643.03,2882.16,2
1189,7.949999999999989,5631.2,1
1190,270.92,4574.43,1
1191,499.48,1242.62,1
1192,841.5,352.3100000000004,2
1193,138.82000000000002,3100.22,1
1194,231.46,4707.24,1
1195,292.08,7950.48,0
1196,63.97999999999999,7954.12,0
1197,235.21,5946.61,0
1198,201.73,6650.71,0
1199,161.31,1268.67,1
1200,18.410000000000025,8287.54,0
1201,471.75,12948.5,0
1202,290.02,4746.71,1
1203,48.05000000000001,5334.97,1
1204,359.42,1765.4499999999998,1
1205,32.910000000000025,427.3000000000002,1
1206,3.8000000000000114,6285.39,0
1207,31.810000000000002,1406.6,1
1208,220.2,1075.15,1
1209,476.03,5958.34,0
1210,141.91,791.9700000000003,1
1211,95.82999999999998,1726.4,1
1212,51.150000000000006,8992.25,0
1213,1192.2,7816.41,2
1214,50.75,8271.47,0
1215,185.07,636.4200000000001,1
1216,293.54,2290.1,1
1217,23.379999999999995,9968.49,0
1218,285.26,167.72000000000025,1
1219,129.48,7581.7,0
1220,743.03,4111.38,2
1221,297.86,1680.1400000000003,1
1222,231.92,5715.08,0
1223,295.82,5897.73,0
1224,302.86,5239.24,1
1225,81.07999999999998,7788.91,0
1226,775.6,3898.64,2
1227,178.43,1214.9300000000003,1
1228,211.91,927.4700000000003,1
1229,17.20999999999998,914.1599999999999,1
1230,124.22,9695.04,0
1231,38.370000000000005,8647.04,0
1232,269.79,1292.1,1
1233,605.42,392.34000000000015,2
1234,11.189999999999998,9877.17,0
1235,29.189999999999998,12059.85,0
1236,701.7,6643.24,2
1237,862.3400000000001,9903.48,2
1238,410.97,151.42000000000007,1
1239,36.96999999999997,2850.92,1
1240,137.59,10679.67,0
1241,168.11,10652.13,0
1242,430.98,569.25,1
1243,13.870000000000005,954.8299999999999,1
1244,642.68,1831.1999999999998,2
1245,175.07,9274.64,0
1246,302.82,9384.54,0
1247,1647.74,1483.8400000000001,2
1248,406.81,1968.3599999999997,1
1249,256.3,4203.05,1
1250,80.95999999999998,959.9400000000005,1
1251,95.78,271.6400000000003,1
1252,379.54,12571.76,0
1253,903.19,8627.08,2
1254,142.19,524.46,1
1255,847.45,422.3199999999997,2
1256,295.18,12961.530000000002,0
1257,18.45999999999998,6381.6,0
1258,603.23,117.97999999999956,2
1259,54.5,1715.2200000000003,1
1260,414.77,5599.81,0
1261,886.19,7904.24,2
1262,440.03,1490.44,1
1263,35.45999999999998,1532.7200000000003,1
1264,76.38999999999996,5976.0,0
1265,595.91,1673.7600000000002,2
1266,6.029999999999973,3290.72,1
1267,249.34,3030.97,1
1268,421.52,369.8599999999997,1
1269,189.77,6570.36,0
1270,73.19,2264.98,1
1271,188.13,5029.87,1
1272,30.519999999999982,12327.74,0
1273,1235.69,420.25,2
1274,1159.39,6499.53,2
1275,170.24,5172.99,1
1276,56.620000000000005,8981.1,0
1277,53.139999999999986,7915.0,0
1278,587.23,500.84000000000015,2
1279,146.15,13784.4,0
1280,21.269999999999982,7392.79,0
1281,1397.59,1134.7900000000004,2
1282,76.01999999999998,14765.41,0
1283,170.19,745.8699999999999,1
1284,155.51,5360.19,1
1285,135.15,5878.14,0
1286,39.48000000000002,5889.51,0
1287,451.68,4381.54,1
1288,19.110000000000014,8478.46,0
1289,355.0,185.47000000000025,1
1290,427.69,2443.54,1
1291,254.86,699.8999999999996,1
1292,19.480000000000018,4739.59,1
1293,190.17,12893.85,0
1294,91.38,2402.58,1
1295,206.63,7626.53,0
1296,93.22,1014.6300000000001,1
1297,547.98,1358.54,1
1298,641.06,1602.13,2
1299,314.55,1105.8900000000008,1
1300,836.45,1731.8900000000003,2
1301,1095.09,8692.47,2
1302,189.45,12578.75,0
1303,91.84,1712.4099999999999,1
1304,609.52,3485.03,2
1305,859.3,1146.7800000000002,2
1306,100.00999999999999,6393.12,0
1307,28.78000000000003,680.5500000000002,1
1308,111.07999999999998,7037.34,0
1309,470.96,12991.03,0
1310,52.22999999999999,105.01000000000022,1
1311,78.62,1360.85,1
1312,47.78999999999999,1649.92,1
1313,333.97,5237.36,1
1314,30.870000000000005,14348.65,0
1315,710.43,5625.55,2
1316,220.23,3438.02,1
1317,27.28000000000003,10668.24,0
1318,101.51999999999998,2018.9,1
1319,162.65,9500.95,0
1320,10.519999999999982,2472.99,1
1321,270.72,6522.47,0
1322,202.34,1223.4499999999998,1
1323,247.58,778.7399999999998,1
1324,686.17,2246.15,2
1325,359.65,219.52999999999975,1
1326,109.91,12896.06,0
1327,215.72,8697.11,0
1328,490.76,6414.11,0
1329,224.28,5767.51,0
1330,614.03,2815.86,2
1331,608.79,2991.17,2
1332,186.55,224.64999999999964,1
1333,840.1600000000001,1236.7600000000002,2
1334,203.34,13586.99,0
1335,90.88,7117.35,0
1336,60.110000000000014,7235.87,0
1337,393.92,7318.64,0
1338,19.389999999999986,9847.6,0
1339,557.41,2968.75,2
1340,57.07000000000002,9323.71,0
1341,395.27,1764.08,1
1342,289.05,5683.49,0
1343,46.110000000000014,5225.73,1
1344,335.5,6445.4,0
1345,388.07,289.71000000000004,1
1346,520.86,9200.74,0
1347,787.41,300.8699999999999,2
1348,31.69999999999999,743.8999999999996,1
1349,22.30000000000001,1200.35,1
1350,203.12,1562.3900000000003,1
1351,315.94,7719.71,0
1352,192.23,2610.67,1
1353,1510.71,2060.02,2
1354,0.2599999999999909,1833.67,1
1355,210.77,5396.65,1
1356,406.65,12995.7,0
1357,422.9,7616.43,0
1358,20.620000000000005,12500.8,0
1359,174.39,1127.0800000000004,1
1360,7.860000000000014,3621.98,1
1361,61.97999999999996,5212.28,1
1362,54.849999999999994,2727.45,1
1363,204.7,5117.03,1
1364,16.55000000000001,6089.79,0
1365,91.32,2618.1,1
1366,195.49,11988.12,0
1367,49.620000000000005,3841.42,1
1368,487.16,321.21000000000004,1
1369,405.6,9754.73,0
1370,512.95,9584.52,0
1371,345.94,7624.56,0
1372,356.56,2485.73,1
1373,10.310000000000002,2137.9,1
1374,211.69,6412.85,0
1375,221.49,707.25,1
1376,278.23,8300.54,0
1377,116.88,7717.34,0
1378,328.77,6967.03,0
1379,77.53,5158.6,1
1380,421.74,12031.14,0
1381,313.69,7093.68,0
1382,411.72,8539.86,0
1383,508.73,7640.57,0
1384,153.08,1292.21,1
1385,23.00999999999999,5958.75,0
1386,69.28,708.7399999999998,1
1387,51.25000000000003,1744.4,1
1388,407.65,273.77999999999975,1
1389,459.25,130.76000000000022,1
1390,301.56,10389.6,0
1391,17.670000000000016,1048.1800000000003,1
1392,5.2900000000000205,12896.68,0
1393,401.37,8208.54,0
1394,145.4,5244.49,1
1395,556.34,11935.14,0
1396,34.31,1484.7600000000002,1
1397,780.59,6513.34,2
1398,282.65,13801.15,0
1399,305.27,12958.65,0
1400,185.81,9588.71,0
1401,66.00999999999999,3475.99,1
1402,447.95,7544.4,0
1403,279.3,1193.6099999999992,1
1404,26.75,12063.77,0
1405,611.15,892.8299999999999,2
1406,275.2,1230.12,1
1407,427.79,1479.67,1
1408,469.13,1265.2799999999997,1
1409,102.81,3228.87,1
1410,22.610000000000014,1111.67,1
1411,68.28,3213.16,1
1412,33.64999999999998,12719.93,0
1413,362.68,2040.77,1
1414,73.23000000000002,1309.85,1
1415,654.49,164.60999999999967,2
1416,18.560000000000002,4230.37,1
1417,389.05,761.0,1
1418,7.3799999999999955,2923.83,1
1419,109.48000000000002,7372.47,0
1420,66.91,871.1000000000004,1
1421,335.48,3023.16,1
1422,38.139999999999986,1119.21,1
1423,1076.98,11833.73,2
1424,360.02,6400.59,0
1425,567.71,13884.24,0
1426,218.19,620.8299999999999,1
1427,209.99,1938.0100000000002,1
1428,11.019999999999982,964.79,1
1429,83.43,1870.1599999999999,1
1430,344.97,5577.94,0
1431,172.29000000000002,8700.8,0
1432,195.54,2794.66,1
1433,101.23000000000005,6169.71,0
1434,180.46,831.75,1
1435,692.55,2451.56,2
1436,147.31,13625.52,0
1437,107.48000000000002,1379.3900000000003,1
1438,1831.02,11498.01,2
1439,81.50999999999999,865.4899999999998,1
1440,365.48,7147.4,0
1441,491.1,7833.85,0
1442,452.8,4840.67,1
1443,645.04,7361.47,2
1444,169.28,5128.44,1
1445,88.42000000000002,12381.45,0
1446,155.53,4008.05,1
1447,991.8200000000002,3493.13,2
1448,39.24000000000001,6462.41,0
1449,152.01,4625.12,1
1450,78.76999999999998,6470.57,0
1451,26.5,4854.83,1
1452,83.62,12652.22,0
1453,142.78,11705.88,0
1454,55.99000000000001,932.6099999999997,1
1455,774.48,11613.58,2
1456,105.37,1068.5500000000002,1
1457,118.82999999999998,1616.3000000000002,1
1458,46.22,471.27999999999975,1
1459,659.71,106.85999999999967,2
1460,377.97,2457.1,1
1461,114.1,5882.12,0
1462,11.300000000000011,1938.9899999999998,1
1463,95.50000000000003,4079.09,1
1464,130.93,860.1199999999999,1
1465,272.97,7811.31,0
1466,73.35,1181.8400000000006,1
1467,29.939999999999998,10915.54,0
1468,307.24,1670.7200000000003,1
1469,50.52000000000001,1121.1899999999996,1
1470,820.46,5621.86,2
1471,153.07,8873.43,0
1472,52.94,6990.92,0
1473,384.41,7831.56,0
1474,235.42,6173.23,0
1475,114.23000000000002,9523.72,0
1476,12.620000000000005,6420.47,0
1477,997.3699999999999,1146.0900000000001,2
1478,373.52,6430.41,0
1479,336.05,1635.0500000000002,1
1480,366.93,6697.79,0
1481,112.26999999999998,7369.89,0
1482,494.9599999999999,6903.68,0
1483,561.58,11748.86,0
1484,440.94,7303.23,0
1485,71.9,10619.35,0
1486,256.66,1794.5,1
1487,166.55,12970.21,0
1488,276.26,120.89000000000033,1
1489,35.45999999999998,5692.31,0
1490,38.139999999999986,9879.87,0
1491,506.26,6266.65,0
1492,736.32,14268.95,0
1493,389.43,6449.83,0
1494,25.579999999999984,6741.41,0
1495,446.1,1008.4400000000005,1
1496,147.74,1711.7799999999997,1
1497,1228.81,1821.0,2
1498,46.22999999999999,5107.75,1
1499,265.37,5229.95,1
1500,342.57,339.15999999999985,1
1501,417.26,10442.48,0
1502,33.629999999999995,4324.4,1
1503,64.57999999999998,6292.29,0
1504,23.230000000000018,269.0100000000002,1
1505,160.52,5379.25,1
1506,278.88,1334.0900000000001,1
1507,285.49,6366.84,0
1508,71.87,1839.1,1
1509,308.8,3966.54,1
1510,135.35,9983.36,0
1511,288.43,4577.09,1
1512,147.46000000000004,7458.03,0
1513,214.15,6397.29,0
1514,71.34,6345.03,0
1515,170.36,6034.73,0
1516,965.6599999999999,765.8099999999995,2
1517,736.53,9826.26,2
1518,213.42,3736.38,1
1519,94.09,646.8500000000004,1
1520,91.23000000000002,6385.12,0
1521,263.92,4161.71,1
1522,77.5,11079.77,0
1523,3.6499999999999773,10017.11,0
1524,43.879999999999995,1644.0900000000001,1
1525,591.98,387.64999999999964,2
1526,224.79,528.3800000000001,1
1527,64.30000000000001,7530.3,0
1528,111.79000000000005,10887.59,0
1529,927.1600000000001,7104.61,2
1530,613.7,7307.11,2
1531,26.069999999999993,349.97999999999956,1
1532,170.45,2284.41,1
1533,344.27,1918.3599999999997,1
1534,872.72,503.0100000000002,2
1535,292.95,1216.9099999999999,1
1536,28.439999999999998,1071.04,1
1537,209.02,187.89999999999964,1
1538,20.05000000000001,7145.67,0
1539,175.02,1493.88,1
1540,89.5,8658.95,0
1541,69.95999999999998,164.1199999999999,1
1542,146.51,7089.9,0
1543,376.78,841.6499999999996,1
1544,148.53999999999996,5677.05,0
1545,388.77,1658.4899999999998,1
1546,100.38000000000002,10171.68,0
1547,137.23,13847.99,0
1548,870.3,3688.98,2
1549,458.94,5619.95,0
1550,327.35,342.0799999999999,1
1551,757.15,4702.86,2
1552,5.639999999999986,12703.24,0
1553,47.22999999999999,6659.81,0
1554,239.41,7860.65,0
1555,7.480000000000018,1275.1999999999998,1
1556,170.97,1265.27,1
1557,262.43,12841.01,0
1558,659.15,1241.5900000000001,2
1559,31.53000000000003,874.9300000000003,1
1560,111.66,5716.72,0
1561,250.01,1541.48,1
1562,554.15,14817.22,0
1563,598.66,2587.11,2
1564,28.379999999999995,173.69999999999982,1
1565,16.80000000000001,11847.07,0
1566,896.79,11146.74,2
1567,159.0,369.78999999999996,1
1568,56.31,6396.08,0
1569,203.99,4840.31,1
1570,50.99000000000001,1334.6,1
1571,101.28000000000003,2774.35,1
1572,299.92,1368.0,1
1573,77.54000000000002,4536.38,1
1574,18.350000000000023,1293.3900000000003,1
1575,732.53,441.53999999999996,2
1576,65.11000000000001,8485.14,0
1577,67.07,999.6199999999999,1
1578,137.48,14273.42,0
1579,398.36,1863.6999999999998,1
1580,469.46,8640.56,0
1581,37.579999999999984,259.4399999999996,1
1582,160.24,5526.97,1
1583,315.39,929.6000000000004,1
1584,434.17,5335.44,1
1585,165.91,587.1199999999999,1
1586,211.36,4760.34,1
1587,241.45,1594.04,1
1588,23.24000000000001,13777.79,0
1589,70.88,1794.65,1
1590,1143.67,7677.76,2
1591,314.52,7071.32,0
1592,181.81,7525.73,0
1593,854.6400000000001,2989.25,2
1594,261.19,7620.6,0
1595,220.68,5549.2,0
1596,11.860000000000014,6782.61,0
1597,122.65,1968.5100000000002,1
1598,395.16,5340.73,1
1599,704.69,3267.84,2
1600,369.89,6941.47,0
1601,10.920000000000016,7567.2,0
1602,199.14,7001.25,0
1603,109.43,1983.65,1
1604,304.15,686.9099999999999,1
1605,620.54,213.35999999999967,2
1606,757.79,1443.02,2
1607,122.81,8450.84,0
1608,96.25,7996.7,0
1609,1431.33,5567.98,2
1610,142.55,1262.6800000000003,1
1611,35.94,1697.2799999999997,1
1612,24.860000000000014,2591.65,1
1613,103.07999999999998,12002.16,0
1614,116.26999999999998,8726.92,0
1615,363.84,5415.64,1
1616,34.74000000000001,3736.57,1
1617,64.00999999999999,1225.69,1
1618,108.75,14829.85,0
1619,50.900000000000006,1277.6999999999998,1
1620,206.84,454.65999999999985,1
1621,37.39999999999998,1519.5100000000002,1
1622,154.21,8045.77,0
1623,199.37,1331.3000000000002,1
1624,410.49,1843.5699999999997,1
1625,1360.01,6601.5,2
1626,18.230000000000018,8422.2,0
1627,398.7,7987.74,0
1628,122.13999999999999,327.6800000000003,1
1629,378.2,7372.81,0
1630,124.74000000000001,2987.97,1
1631,17.100000000000023,1619.54,1
1632,287.05,1204.65,1
1633,874.72,4630.58,2
1634,1762.2800000000002,1380.3400000000001,2
1635,40.120000000000005,14304.38,0
1636,125.0,3215.76,1
1637,348.44,1022.94,1
1638,128.4,2610.64,1
1639,320.93,9451.66,0
1640,1.410000000000025,1244.17,1
1641,50.52000000000001,12815.24,0
1642,383.95,9933.56,0
1643,12.939999999999998,921.2299999999996,1
1644,329.75,6009.43,0
1645,981.76,602.3599999999997,2
1646,40.79000000000002,1769.33,1
1647,99.25,2570.34,1
1648,150.6,3240.14,1
1649,29.5,1229.3199999999997,1
1650,54.34,8019.89,0
1651,18.25,14328.29,0
1652,633.87,330.15999999999985,2
1653,81.14999999999998,1595.2600000000002,1
1654,83.94999999999999,7413.18,0
1655,410.4,2563.91,1
1656,172.68,10724.95,0
1657,139.87999999999997,2969.71,1
1658,165.55,761.7799999999997,1
1659,53.78999999999999,6229.36,0
1660,285.69,2552.54,1
1661,532.4,1033.73,1
1662,293.85,1919.9700000000003,1
1663,27.939999999999998,1893.44,1
1664,270.36,1783.04,1
1665,112.66,852.9799999999996,1
1666,506.03,1123.8899999999999,1
1667,206.95,1817.65,1
1668,350.96,5463.94,0
1669,261.63,477.02999999999975,1
1670,46.120000000000005,8874.01,0
1671,27.25,5365.2,1
1672,1353.93,7858.41,2
1673,331.66,7216.3,0
1674,667.95,13558.56,0
1675,49.84,7872.04,0
1676,556.04,5200.04,2
1677,88.06,1779.85,1
1678,745.95,13264.14,0
1679,67.25,467.39999999999964,1
1680,93.63000000000002,9873.62,0
1681,74.11000000000001,1257.9,1
1682,41.129999999999995,6067.54,0
1683,192.02,5169.07,1
1684,291.27,6878.86,0
1685,296.46,558.9899999999998,1
1686,341.84,1400.04,1
1687,98.41000000000003,912.71,1
1688,109.28,6338.35,0
1689,27.50999999999999,13645.63,0
1690,12.180000000000007,4909.24,1
1691,207.71,570.1000000000004,1
1692,25.769999999999982,11749.77,0
1693,127.57,6118.2,0
1694,392.05,4383.69,1
1695,521.01,4004.55,2
1696,849.76,373.8800000000001,2
1697,172.5,6851.16,0
1698,265.44,9700.77,0
1699,152.34,6853.51,0
1700,21.129999999999995,948.6999999999998,1
1701,111.55000000000001,12221.17,0
1702,321.82,6500.5,0
1703,1294.81,9927.75,2
1704,148.77,2138.42,1
1705,14.079999999999984,3908.65,1
1706,1283.97,11041.9,2
1707,566.33,379.8199999999997,1
1708,206.51,3921.74,1
1709,180.94,7659.99,0
1710,77.9,664.7200000000003,1
1711,318.92,1167.2500000000005,1
1712,583.3,5896.01,2
1713,100.68,1123.7500000000005,1
1714,589.6399999999999,2039.4,2
1715,225.93,1864.27,1
1716,651.55,2325.78,2
1717,80.97,5926.31,0
1718,191.89,399.5699999999997,1
1719,304.75,1916.3400000000001,1
1720,201.53,2732.86,1
1721,8.449999999999989,1115.3000000000002,1
1722,435.98,7334.08,0
1723,743.24,1024.19,2
1724,16.269999999999982,10971.32,0
1725,290.86,14631.88,0
1726,85.73000000000002,14928.35,0
1727,555.71,830.3699999999999,1
1728,40.03000000000003,6408.8,0
1729,73.00999999999999,1997.33,1
1730,346.12,13084.27,0
1731,1.9300000000000068,5684.09,0
1732,252.93,2760.37,1
1733,238.54,868.9099999999999,1
1734,1011.22,5838.91,2
1735,58.69999999999999,8937.35,0
1736,7.560000000000002,8528.72,0
1737,540.4,425.77000000000044,1
1738,264.14,8459.26,0
1739,248.15,2649.23,1
1740,24.339999999999975,6659.12,0
1741,428.61,11937.04,0
1742,117.66000000000003,6794.17,0
1743,165.8,2064.76,1
1744,289.18,3139.75,1
1745,125.39000000000001,202.6899999999996,1
1746,305.18,4474.2,1
1747,506.9,11471.87,0
1748,504.12,1107.2799999999997,1
1749,42.09,5526.28,1
1750,607.28,9679.68,0
1751,91.9,1033.9400000000005,1
1752,303.43,1833.2399999999998,1
1753,668.78,983.6800000000003,2
1754,270.54,269.77999999999975,1
1755,247.93,9801.48,0
1756,34.670000000000016,888.6000000000004,1
1757,326.03,290.2399999999998,1
1758,148.26,958.6999999999998,1
1759,1086.6,1605.67,2
1760,373.99,8590.5,0
1761,254.34,5461.08,1
1762,819.48,1804.5,2
1763,14.0,7975.18,0
1764,57.16,222.22000000000025,1
1765,282.26,6857.2,0
1766,46.96000000000001,2028.92,1
1767,473.2,248.52000000000044,1
1768,192.97000000000003,3019.04,1
1769,168.99,1523.5699999999997,1
1770,1.8199999999999932,5571.39,1
1771,40.89999999999998,1514.3400000000001,1
1772,78.91,1817.4300000000003,1
1773,169.97,6269.12,0
1774,17.79000000000002,2281.9,1
1775,486.61,2006.69,1
1776,148.13,2189.38,1
1777,164.52,11036.74,0
1778,720.89,447.0600000000004,2
1779,268.7,2104.74,1
1780,637.34,5183.5,2
1781,216.76,643.6400000000003,1
1782,418.02,11011.86,0
1783,292.03,951.3299999999999,1
1784,251.4,2561.67,1
1785,184.56,1549.27,1
1786,33.75999999999999,3253.51,1
1787,253.46,1338.9499999999998,1
1788,1612.3699999999997,3910.59,2
1789,138.68,206.19999999999982,1
1790,42.56,4361.44,1
1791,680.76,572.9700000000003,2
1792,53.829999999999984,4580.59,1
1793,11.089999999999975,2990.05,1
1794,37.81,5208.98,1
1795,449.18,1025.9899999999998,1
1796,1135.8,13534.3,2
1797,297.6,1461.17,1
1798,683.75,6333.72,2
1799,21.399999999999977,8551.6,0
1800,315.94,4273.99,1
1801,331.32,13054.54,0
1802,223.76,4102.23,1
1803,216.03000000000003,10462.77,0
1804,17.420000000000016,6851.31,0
1805,491.91,2421.94,1
1806,350.11,4639.04,1
1807,218.07,443.6199999999999,1
1808,291.09,6312.79,0
1809,422.14,1436.3199999999997,1
1810,613.21,3279.12,2
1811,73.82999999999998,6020.29,0
1812,67.32999999999998,5925.98,0
1813,26.920000000000016,1674.94,1
1814,18.30000000000001,3733.52,1
1815,317.94,2996.51,1
1816,179.38,11666.18,0
1817,918.95,7006.46,2
1818,13.920000000000016,2735.84,1
1819,365.43,1073.5099999999998,1
1820,263.59,6996.35,0
1821,54.80000000000001,4943.49,1
1822,141.49,1665.58,1
1823,31.389999999999986,998.4899999999998,1
1824,93.82,8422.06,0
1825,5.7099999999999795,1285.42,1
1826,178.39,8469.43,0
1827,126.91,692.6900000000005,1
1828,36.089999999999975,12319.26,0
1829,91.77000000000001,9240.73,0
1830,198.92,2854.66,1
1831,137.81,2631.47,1
1832,136.88,7465.95,0
1833,133.07000000000002,1670.9899999999998,1
1834,1.1399999999999864,13913.92,0
1835,256.34,7471.63,0
1836,56.109999999999985,11123.65,0
1837,118.1,7976.6,0
1838,137.85999999999999,8046.94,0
1839,813.78,14935.5,0
1840,237.97,13486.15,0
1841,684.96,526.6700000000001,2
1842,878.6300000000001,4954.37,2
1843,276.56,8942.58,0
1844,8.75,4044.62,1
1845,637.48,4148.85,2
1846,103.15,11388.15,0
1847,505.6,5347.57,2
1848,371.86,1329.4499999999998,1
1849,14.259999999999991,2475.65,1
1850,13.160000000000025,1019.46,1
1851,167.92,14321.73,0
1852,73.00999999999999,2833.12,1
1853,201.5,12148.32,0
1854,150.30000000000004,14371.08,0
1855,23.69999999999999,7947.44,0
1856,49.59,6037.03,0
1857,720.13,387.02000000000044,2
1858,134.92,1081.9700000000003,1
1859,116.97,729.6999999999998,1
1860,11.060000000000002,2782.21,1
1861,88.29000000000002,5245.93,1
1862,5.810000000000002,1290.9499999999998,1
1863,103.48000000000002,6494.25,0
1864,156.74,4004.35,1
1865,505.14,2525.47,1
1866,31.060000000000002,11014.25,0
1867,7.610000000000014,6275.0,0
1868,276.16,1733.3400000000001,1
1869,145.77,5294.98,1
1870,369.44,5018.67,1
1871,558.86,9844.32,0
1872,429.15,712.1300000000001,1
1873,36.74000000000001,6217.58,0
1874,79.13999999999999,2229.56,1
1875,132.48,9313.05,0
1876,136.48,4618.53,1
1877,203.76,6747.16,0
1878,750.95,5134.37,2
1879,0.8400000000000318,2207.54,1
1880,257.18,13336.15,0
1881,767.66,1801.69,2
1882,182.29,522.3900000000003,1
1883,184.51,9381.64,0
1884,451.31,2963.29,1
1885,144.1,11523.64,0
1886,72.49999999999997,12723.62,0
1887,74.11000000000001,3920.11,1
1888,22.149999999999977,7451.83,0
1889,777.92,7061.58,2
1890,790.07,985.7700000000004,2
1891,406.33,4298.34,1
1892,767.41,12799.34,0
1893,4.579999999999984,811.2399999999998,1
1894,447.83,13273.08,0
1895,49.670000000000016,842.9400000000005,1
1896,77.82999999999998,2471.53,1
1897,702.87,1237.5,2
1898,133.56,783.8299999999999,1
1899,868.05,3931.03,2
1900,52.870000000000005,960.96,1
1901,179.0,7310.88,0
1902,1168.26,1385.7399999999998,2
1903,384.11,7902.52,0
1904,227.61,4405.28,1
1905,40.829999999999984,3944.12,1
1906,19.75999999999999,1523.04,1
1907,484.24,8042.3,0
1908,494.6600000000001,5531.93,2
1909,301.47,560.7299999999996,1
1910,199.09,1658.52,1
1911,38.94999999999999,731.5200000000004,1
1912,515.94,1389.8900000000003,1
1913,41.93000000000001,5081.26,1
1914,137.84000000000003,1000.3500000000004,1
1915,95.35,1639.9,1
1916,93.13999999999999,5473.82,1
1917,1427.71,1729.2600000000002,2
1918,79.32999999999998,14798.1,0
1919,76.88999999999999,7374.26,0
1920,233.71,1231.98,1
1921,14.920000000000016,6611.26,0
1922,242.17,883.7200000000003,1
1923,122.98000000000002,5055.99,1
1924,129.35,7166.88,0
1925,138.33,232.5600000000004,1
1926,39.31,1236.38,1
1927,91.85,802.0900000000001,1
1928,277.7,1423.1999999999998,1
1929,114.03,13388.56,0
1930,302.63,2801.28,1
1931,31.189999999999998,5545.96,1
1932,112.90999999999997,4764.48,1
1933,742.26,7868.19,2
1934,256.8,1128.3800000000006,1
1935,378.68,7627.04,0
1936,571.93,4026.03,2
1937,26.310000000000002,7095.76,0
1938,205.58,1501.9499999999998,1
1939,533.61,3656.93,2
1940,428.62,3473.24,1
1941,361.22,7061.73,0
1942,837.29,6012.67,2
1943,117.25,13694.68,0
1944,135.27,9410.51,0
1945,185.1,6115.63,0
1946,113.54000000000002,5581.21,1
1947,354.96,6712.94,0
1948,224.22000000000003,8400.87,0
1949,737.1,4644.19,2
1950,223.22,1734.2200000000003,1
1951,557.26,5237.12,2
1952,1496.57,969.0599999999995,2
1953,27.439999999999998,5950.48,0
1954,310.09,9962.5,0
1955,80.38,9662.88,0
1956,26.100000000000023,5243.0,1
1957,845.1400000000001,1702.65,2
1958,59.72999999999999,800.9300000000003,1
1959,758.77,7231.47,2
1960,301.51,1052.31,1
1961,418.03,10721.29,0
1962,118.06,13560.63,0
1963,483.92,3138.0,1
1964,78.93,9916.24,0
1965,36.629999999999995,7941.73,0
1966,87.85000000000002,3753.24,1
1967,1001.8300000000002,9733.83,2
1968,705.34,5003.22,2
1969,146.54999999999998,4087.44,1
1970,116.88999999999999,4880.31,1
1971,106.41,1310.38,1
1972,1087.9,2513.51,2
1973,584.41,4475.22,2
1974,584.98,6521.05,2
1975,79.20999999999998,1615.04,1
1976,173.13,1490.3400000000001,1
1977,335.7,6601.44,0
1978,1225.5,8611.17,2
1979,422.81,1929.2799999999997,1
1980,135.43,5315.83,1
1981,584.88,548.4499999999998,2
1982,308.94,1931.6599999999999,1
1983,295.93,1050.63,1
1984,1512.9900000000002,9963.39,2
1985,77.44,1950.63,1
1986,92.5,6295.45,0
1987,97.74000000000001,4113.63,1
1988,291.68,1451.02,1
1989,56.96000000000001,1597.85,1
1990,436.8,1256.33,1
1991,259.49,7320.61,0
1992,726.26,2150.38,2
1993,568.68,2940.04,2
1994,77.57,12801.93,0
1995,999.28,4272.41,2
1996,14.160000000000025,5399.76,1
1997,1142.83,2467.39,2
1998,61.329999999999984,7537.4,0
1999,27.639999999999986,7498.51,0
2000,3.8500000000000227,10506.41,0
2001,431.22,6505.98,0
2002,178.55,7568.4,0
2003,248.76,546.46,1
2004,76.16,1072.2500000000005,1
2005,347.25,7273.55,0
2006,28.04000000000002,11197.54,0
2007,325.98,782.3500000000004,1
2008,249.56,4444.95,1
2009,17.430000000000007,10658.88,0
2010,198.01,250.9300000000003,1
2011,585.58,1729.02,2
2012,434.67,1298.13,1
2013,510.7,5828.48,2
2014,331.98,7600.99,0
2015,199.54,9603.73,0
2016,212.97,4180.4,1
2017,270.56,1268.44,1
2018,306.37,9609.67,0
2019,643.02,11989.39,0
2020,98.48000000000002,9538.92,0
2021,889.01,4826.88,2
2022,537.86,293.0600000000004,1
2023,241.18,1445.5299999999997,1
2024,130.54,11204.62,0
2025,800.29,693.3999999999996,2
2026,8.810000000000002,13523.65,0
2027,28.519999999999982,662.5100000000002,1
2028,431.31,342.72999999999956,1
2029,885.3300000000002,7764.16,2
2030,199.23,9834.0,0
2031,42.25999999999999,268.77000000000044,1
2032,166.06,5397.68,1
2033,357.72,7659.5,0
2034,588.37,1926.08,2
2035,72.82,6911.62,0
2036,162.36,7527.04,0
2037,584.82,12071.1,0
2038,38.14999999999998,1425.4700000000003,1
2039,477.54,1598.63,1
2040,639.57,11726.47,0
2041,58.22999999999999,9189.76,0
2042,776.21,4895.87,2
2043,248.76,6178.77,0
2044,188.61,7167.57,0
2045,675.37,4704.91,2
2046,94.82,1267.7200000000003,1
2047,425.18,5790.55,0
2048,50.28000000000003,5729.1,0
2049,864.72,7379.38,2
2050,70.68,1478.4099999999999,1
2051,261.77,824.71,1
2052,183.22,1024.4200000000005,1
2053,58.31999999999999,6027.49,0
2054,156.86,14453.35,0
2055,120.67000000000002,5374.54,1
2056,308.62,9148.08,0
2057,506.81,2757.23,1
2058,328.39,2523.83,1
2059,796.3,1498.79,2
2060,72.47000000000003,1305.56,1
2061,279.6,1910.9,1
2062,304.2,423.6400000000003,1
2063,351.38,7606.63,0
2064,86.07,842.5599999999995,1
2065,604.5,709.4200000000001,2
2066,258.7,1358.37,1
2067,994.6300000000001,13538.14,2
2068,11.45999999999998,7258.33,0
2069,63.75999999999999,4980.26,1
2070,446.8299999999999,1623.5,1
2071,63.53999999999999,4401.78,1
2072,81.10999999999999,2051.37,1
2073,441.26,13704.92,0
2074,170.96,13374.89,0
2075,48.50999999999996,3363.23,1
2076,325.03,13521.76,0
2077,125.82999999999998,6109.86,0
2078,506.83,9975.79,0
2079,738.94,13856.18,0
2080,180.36,9905.23,0
2081,225.1,1547.71,1
2082,359.51,7153.72,0
2083,720.46,3101.54,2
2084,1116.57,1393.1400000000003,2
2085,291.46,7142.53,0
2086,1192.95,325.14999999999964,2
2087,98.24000000000001,580.6599999999999,1
2088,100.48000000000002,6149.81,0
2089,45.900000000000006,5698.25,0
2090,258.21,9562.41,0
2091,1079.11,2038.31,2
2092,287.51,187.64999999999964,1
2093,501.3,8520.08,0
2094,26.100000000000023,1435.7200000000003,1
2095,436.77,825.6900000000005,1
2096,292.38,5803.89,0
2097,1026.46,3134.4699999999993,2
2098,25.29000000000002,5374.69,1
2099,123.35,6852.16,0
2100,139.52,1570.2200000000003,1
2101,51.19999999999999,730.6000000000004,1
2102,122.85,13185.39,0
2103,161.38,3900.34,1
2104,2.509999999999991,4891.56,1
2105,22.620000000000005,7682.0,0
2106,126.82999999999998,6100.98,0
2107,46.599999999999994,1562.9,1
2108,243.8,13732.81,0
2109,231.51,5790.7,0
2110,175.05,1447.35,1
2111,762.74,207.10000000000036,2
2112,34.03000000000003,3077.2,1
2113,15.949999999999989,1983.0,1
2114,926.53,3120.1,2
2115,101.50999999999999,3052.47,1
2116,309.42,8564.46,0
2117,257.6,7950.74,0
2118,746.78,1699.81,2
2119,82.00999999999999,287.46000000000004,1
2120,476.99,1154.4799999999996,1
2121,320.11,4076.48,1
2122,333.39,10628.59,0
2123,10.300000000000011,7801.32,0
2124,737.46,634.1599999999999,2
2125,416.55,922.96,1
2126,84.91,1671.8599999999997,1
2127,98.94999999999999,5670.82,0
2128,18.139999999999986,6020.85,0
2129,1154.79,6180.3,2
2130,215.13,3956.69,1
2131,218.57,13869.86,0
2132,341.88,4159.52,1
2133,691.92,1084.65,2
2134,50.43000000000001,9794.26,0
2135,440.43,5123.24,1
2136,299.03,1381.2799999999997,1
2137,1.9800000000000182,11619.1,0
2138,173.45,9077.62,0
2139,438.76,1824.19,1
2140,519.62,4159.33,2
2141,738.68,14352.33,0
2142,151.14,2156.54,1
2143,75.76999999999998,8361.7,0
2144,444.52,5424.6,0
2145,5.2900000000000205,11263.89,0
2146,97.63,12467.31,0
2147,256.95,2531.24,1
2148,734.86,6242.03,2
2149,1250.94,11565.97,2
2150,84.28,13586.06,0
2151,927.45,1161.8400000000001,2
2152,202.49,7447.1,0
2153,154.99,1419.31,1
2154,481.53,6142.54,0
2155,172.92,416.3699999999999,1
2156,275.59,6313.22,0
2157,207.2,8092.94,0
2158,136.82,6229.13,0
2159,624.0,4976.18,2
2160,179.38,8741.51,0
2161,10.149999999999977,7155.04,0
2162,26.30000000000001,7473.73,0
2163,319.5,2366.3,1
2164,182.42000000000002,3051.29,1
2165,716.6199999999999,6987.4,2
2166,222.96,7370.41,0
2167,79.76999999999998,5010.31,1
2168,431.08,6760.22,0
2169,592.24,9817.05,0
2170,200.19,4389.96,1
2171,297.5,6768.14,0
2172,345.86,1504.6400000000003,1
2173,343.88,6486.18,0
2174,16.519999999999982,835.5299999999997,1
2175,162.1,8576.65,0
2176,36.120000000000005,1593.0299999999997,1
2177,354.91,3872.55,1
2178,38.410000000000025,9129.68,0
2179,53.52000000000001,2227.49,1
2180,498.59,2619.46,1
2181,13.300000000000011,213.0,1
2182,189.65,8457.09,0
2183,255.32,6290.62,0
2184,230.51,9522.37,0
2185,237.74,11795.12,0
2186,512.76,5121.36,2
2187,151.36999999999998,8356.08,0
2188,85.01000000000002,1299.4,1
2189,444.47,6062.94,0
2190,184.19,7588.67,0
2191,879.25,125.85000000000036,2
2192,55.97999999999999,7047.04,0
2193,54.91,7927.27,0
2194,1047.6899999999998,1889.7799999999997,2
2195,393.74,1769.06,1
2196,58.94,4575.98,1
2197,515.57,9269.67,0
2198,332.15,9749.46,0
2199,177.94,123.23999999999978,1
2200,68.68,4718.51,1
2201,1431.54,1171.9799999999996,2
2202,240.03,7807.73,0
2203,168.34,7483.01,0
2204,474.77,8494.53,0
2205,451.7,8994.67,0
2206,243.85,4576.78,1
2207,5.759999999999991,5859.79,0
2208,435.08,2103.41,1
2209,127.78,1046.6599999999999,1
2210,23.139999999999986,10536.54,0
2211,545.87,4860.01,2
2212,21.20999999999998,9575.42,0
2213,423.53,5453.4,0
2214,142.1,1545.6400000000003,1
2215,1413.24,7272.01,2
2216,114.15,1612.4,1
2217,275.98,6151.05,0
2218,590.68,852.1999999999998,2
2219,152.42,9141.79,0
2220,395.77,6425.99,0
2221,615.16,214.60999999999967,2
2222,207.82,229.02000000000044,1
2223,220.52,1793.0900000000001,1
2224,281.47,4437.48,1
2225,57.91,3641.06,1
2226,30.480000000000018,11481.85,0
2227,1152.58,7567.17,2
2228,453.09,6708.65,0
2229,424.47,5491.55,0
2230,228.4,9598.43,0
2231,67.17000000000002,14410.44,0
2232,284.89,9738.6,0
2233,118.68999999999997,749.3400000000001,1
2234,221.33,1185.4300000000003,1
2235,252.31,1584.6,1
2236,58.849999999999994,1789.8000000000002,1
2237,194.68,14494.18,0
2238,433.53,6368.32,0
2239,178.26,1137.13,1
2240,207.65,5143.8,1
2241,237.0,14021.4,0
2242,1169.59,5946.45,2
2243,347.63,1400.04,1
2244,517.68,11305.81,0
2245,36.25,193.0600000000004,1
2246,46.52999999999997,4468.12,1
2247,207.47,1688.9,1
2248,199.7,7574.45,0
2249,307.89,2637.55,1
2250,403.63,3304.02,1
2251,20.060000000000002,445.21000000000004,1
2252,236.57,3488.77,1
2253,0.3199999999999932,7158.58,0
2254,14.279999999999973,1597.5100000000002,1
2255,232.35,4186.25,1
2256,317.53,6237.68,0
2257,74.67000000000002,3449.35,1
2258,65.00999999999999,10235.19,0
2259,0.44999999999998863,8670.23,0
2260,364.13,8198.0,0
2261,340.13,1149.7400000000002,1
2262,15.810000000000002,8384.85,0
2263,222.66,14466.38,0
2264,638.24,5695.78,2
2265,241.21,1220.8599999999997,1
2266,171.16,6126.5,0
2267,1360.67,2861.65,2
2268,37.64999999999998,411.77999999999975,1
2269,25.769999999999982,4331.54,1
2270,789.8,13948.09,0
2271,308.85,333.1899999999996,1
2272,1454.52,1189.0300000000002,2
2273,806.97,102.19999999999982,2
2274,364.81,1145.23,1
2275,490.82,8704.27,0
2276,1021.3800000000001,6223.26,2
2277,311.28,135.96000000000004,1
2278,85.03,4597.57,1
2279,307.75,1061.5799999999995,1
2280,333.67,9238.08,0
2281,589.89,9404.63,0
2282,372.08,13330.74,0
2283,502.9,341.2399999999998,1
2284,103.81,7044.63,0
2285,69.43,9281.85,0
2286,110.4,8639.36,0
2287,275.65,4957.57,1
2288,336.01,9938.2,0
2289,251.8,11796.66,0
2290,334.07,7306.79,0
2291,52.44,3157.75,1
2292,1030.85,1941.8000000000002,2
2293,141.37,1019.7699999999995,1
2294,211.7,12272.78,0
2295,61.400000000000006,7892.87,0
2296,308.23,4150.63,1
2297,111.41,1204.1099999999992,1
2298,675.49,1893.0,2
2299,29.71999999999997,1059.6199999999994,1
2300,301.73,990.7399999999998,1
2301,294.61,7375.59,0
2302,106.43,9403.12,0
2303,381.52,5798.92,0
2304,1142.76,1498.9300000000003,2
2305,5.660000000000025,5434.64,1
2306,209.09,9100.81,0
2307,521.81,4750.96,2
2308,588.36,8434.99,0
2309,146.67,1569.75,1
2310,176.52,7132.08,0
2311,57.34,1100.6400000000003,1
2312,294.77,2272.17,1
2313,881.3200000000002,2287.93,2
2314,162.59,7104.83,0
2315,56.150000000000006,13265.92,0
2316,524.55,8292.75,0
2317,535.4,651.8400000000001,1
2318,56.84,7977.78,0
2319,135.94000000000003,4710.21,1
2320,47.099999999999994,6308.07,0
2321,124.05000000000001,7009.54,0
2322,802.89,1973.63,2
2323,193.16,2304.56,1
2324,541.52,6087.24,2
2325,20.170000000000016,3869.37,1
2326,35.98000000000002,11147.34,0
2327,273.24,2202.21,1
2328,663.45,5897.29,2
2329,343.86,3278.65,1
2330,69.38,12072.11,0
2331,75.43,1441.8599999999997,1
2332,414.64,7253.22,0
2333,86.79000000000005,8795.37,0
2334,1105.88,2636.32,2
2335,14.100000000000023,6949.21,0
2336,63.329999999999984,792.3299999999999,1
2337,606.27,9668.78,0
2338,4.470000000000027,1381.75,1
2339,289.01,4226.26,1
2340,338.69,1137.8899999999999,1
2341,97.73000000000002,7885.21,0
2342,1021.1600000000001,9427.06,2
2343,27.610000000000014,3679.64,1
2344,284.17,3479.56,1
2345,76.20999999999998,664.9300000000003,1
2346,334.79,624.0900000000001,1
2347,584.51,3254.56,2
2348,432.18,678.8299999999999,1
2349,134.55,14852.42,0
2350,61.66,5705.4,0
2351,12.350000000000023,1846.85,1
2352,213.25,677.79,1
2353,34.93000000000001,2810.37,1
2354,959.48,10631.43,2
2355,335.68,1188.9499999999998,1
2356,423.96,8374.38,0
2357,361.38,4972.92,1
2358,220.82,4298.13,1
2359,717.36,514.8800000000001,2
2360,406.12,10501.53,0
2361,427.83,3293.06,1
2362,416.62,9700.9,0
2363,21.899999999999977,1052.27,1
2364,717.74,8375.16,2
2365,393.68,10135.88,0
2366,281.91,225.52999999999975,1
2367,239.85,1477.63,1
2368,237.84,8932.39,0
2369,459.29,1006.1199999999999,1
2370,196.49,7516.56,0
2371,21.230000000000018,319.1800000000003,1
2372,95.23000000000002,966.8800000000001,1
2373,344.87,7447.44,0
2374,129.62,620.2799999999997,1
2375,16.53000000000003,707.9499999999998,1
2376,277.02,8586.38,0
2377,13.019999999999982,6076.45,0
2378,199.02,793.6300000000001,1
2379,684.5,6258.63,2
2380,1173.74,10456.24,2
2381,45.920000000000016,544.5599999999995,1
2382,761.73,151.27999999999975,2
2383,331.38,844.5500000000002,1
2384,602.8,7417.69,2
2385,64.12,1029.0900000000001,1
2386,57.379999999999995,899.5200000000004,1
2387,94.64000000000001,586.7600000000002,1
2388,155.56,129.78999999999996,1
2389,301.39,10548.58,0
2390,136.31,4384.95,1
2391,4.389999999999986,1429.6099999999997,1
2392,429.25,5019.68,1
2393,138.54,8274.77,0
2394,33.03000000000003,935.8800000000001,1
2395,76.38999999999996,11584.32,0
2396,25.319999999999993,1642.3400000000001,1
2397,330.91,6481.35,0
2398,153.55,5619.91,0
2399,217.61,1661.1,1
2400,131.69,2958.43,1
2401,953.1700000000001,3506.11,2
2402,68.49000000000001,6683.31,0
2403,1493.0000000000002,1619.1599999999999,2
2404,470.62,12470.62,0
2405,385.35,5184.13,1
2406,74.72,165.75,1
2407,352.03,4846.68,1
2408,275.87,1697.58,1
2409,90.94,3896.08,1
2410,206.25,3651.07,1
2411,116.75999999999996,4480.43,1
2412,91.5,667.6599999999999,1
2413,489.31,5595.22,0
2414,1664.33,1588.31,2
2415,414.49,12709.58,0
2416,315.13,6570.94,0
2417,28.379999999999995,8892.62,0
2418,456.05,11729.51,0
2419,277.22,12104.51,0
2420,54.84,3495.51,1
2421,29.920000000000016,7855.01,0
2422,133.06000000000003,8843.44,0
2423,332.06,11826.52,0
2424,14.339999999999975,7932.51,0
2425,468.32,4710.04,1
2426,582.17,7310.83,2
2427,245.62,1879.8199999999997,1
2428,981.9000000000001,9018.33,2
2429,83.6,13899.24,0
2430,331.22,12613.25,0
2431,57.49000000000001,765.1499999999996,1
2432,85.57999999999998,7794.84,0
2433,157.56,7541.16,0
2434,230.3,8356.88,0
2435,305.92,1445.4700000000003,1
2436,942.7,5141.32,2
2437,116.32999999999998,1696.15,1
2438,537.71,1806.08,1
2439,538.17,5908.04,2
2440,219.44,4207.27,1
2441,61.620000000000005,8365.37,0
2442,58.77000000000001,7261.7,0
2443,538.13,5008.59,2
2444,177.05,4287.82,1
2445,403.01,10513.52,0
2446,719.76,690.5200000000004,2
2447,163.22,1788.27,1
2448,242.85,4672.8,1
2449,291.22,3677.63,1
2450,56.52000000000001,6911.2,0
2451,195.8,12027.68,0
2452,66.75999999999996,184.72000000000025,1
2453,190.9,101.25,1
2454,106.99000000000001,5771.4,0
2455,655.81,4539.99,2
2456,107.10000000000002,193.80000000000018,1
2457,79.92000000000002,9138.76,0
2458,430.83,941.4899999999998,1
2459,235.34,566.8299999999999,1
2460,86.35,1550.48,1
2461,337.99,9038.63,0
2462,577.13,6640.51,2
2463,213.33,5400.44,1
2464,54.52000000000001,6980.98,0
2465,100.13,5209.16,1
2466,883.9200000000001,2342.64,2
2467,69.80000000000001,136.77000000000044,1
2468,768.94,6860.18,2
2469,179.62,409.2600000000002,1
2470,425.91,383.5799999999999,1
2471,263.34,2411.02,1
2472,113.03,6756.13,0
2473,11.019999999999982,7879.66,0
2474,865.1700000000001,9297.5,2
2475,152.0,7531.43,0
2476,270.39,899.1499999999996,1
2477,246.41,1431.6,1
2478,336.84,4500.26,1
2479,261.45,6735.74,0
2480,99.98000000000002,3037.97,1
2481,400.69,9040.33,0
2482,411.47,796.6300000000001,1
2483,204.63,9199.52,0
2484,421.56,8037.87,0
2485,193.38,1081.79,1
2486,377.04,3812.87,1
2487,54.099999999999994,940.9099999999999,1
2488,18.100000000000023,6474.34,0
2489,408.62,2498.48,1
2490,162.1,9578.74,0
2491,165.31,7346.66,0
2492,267.48,811.8599999999997,1
2493,856.9000000000001,8579.69,2
2494,433.9,9013.1,0
2495,271.22,6863.02,0
2496,307.68,2052.84,1
2497,348.17,1887.8400000000001,1
2498,43.099999999999994,6944.9,0
2499,557.78,1289.48,2
2500,325.6,13777.1,0
2501,235.83,4120.75,1
2502,603.54,10517.47,0
2503,270.25,5414.97,1
2504,123.38,13542.41,0
2505,577.12,5265.88,2
2506,92.24000000000001,6937.48,0
2507,856.21,12690.79,2
2508,251.54,254.75,1
2509,28.629999999999995,3382.91,1
2510,185.97,1776.9099999999999,1
2511,243.08,131.25,1
